{"w_px2pcd_scale": 0.014874662309641896, "h_px2pcd_scale": -0.014898723491483261, "x_center_px": 332.71201212615784, "y_center_px": 417.6738942032807}