{
    "w_px2pcd_scale": 0.014854991162746497,
    "h_px2pcd_scale": -0.01487492361370134,
    "x_center_px": 331.82970605538907,
    "y_center_px": 418.342172434006
}