{"w_px2pcd_scale": 0.016148135115977964, "h_px2pcd_scale": -0.016138132031502665, "x_center_px": 345.2567566215241, "y_center_px": 409.59653912846875}